var dpBezirke = [{"label":"Amstetten","y":309,"CSV":"Amstetten;309"},{"label":"Baden","y":213,"CSV":"Baden;213"},{"label":"Bludenz","y":259,"CSV":"Bludenz;259"},{"label":"Braunau am Inn","y":155,"CSV":"Braunau am Inn;155"},{"label":"Bregenz","y":283,"CSV":"Bregenz;283"},{"label":"Bruck an der Leitha","y":128,"CSV":"Bruck an der Leitha;128"},{"label":"Bruck-Mürzzuschlag","y":64,"CSV":"Bruck-Mürzzuschlag;64"},{"label":"Deutschlandsberg","y":52,"CSV":"Deutschlandsberg;52"},{"label":"Dornbirn","y":159,"CSV":"Dornbirn;159"},{"label":"Eferding","y":69,"CSV":"Eferding;69"},{"label":"Eisenstadt(Stadt)","y":20,"CSV":"Eisenstadt(Stadt);20"},{"label":"Eisenstadt-Umgebung","y":28,"CSV":"Eisenstadt-Umgebung;28"},{"label":"Feldkirch","y":218,"CSV":"Feldkirch;218"},{"label":"Feldkirchen","y":15,"CSV":"Feldkirchen;15"},{"label":"Freistadt","y":137,"CSV":"Freistadt;137"},{"label":"Gänserndorf","y":122,"CSV":"Gänserndorf;122"},{"label":"Gmünd","y":16,"CSV":"Gmünd;16"},{"label":"Gmunden","y":89,"CSV":"Gmunden;89"},{"label":"Graz(Stadt)","y":564,"CSV":"Graz(Stadt);564"},{"label":"Graz-Umgebung","y":256,"CSV":"Graz-Umgebung;256"},{"label":"Grieskirchen","y":90,"CSV":"Grieskirchen;90"},{"label":"Güssing","y":26,"CSV":"Güssing;26"},{"label":"Hallein","y":79,"CSV":"Hallein;79"},{"label":"Hartberg-Fürstenfeld","y":320,"CSV":"Hartberg-Fürstenfeld;320"},{"label":"Hermagor","y":5,"CSV":"Hermagor;5"},{"label":"Hollabrunn","y":48,"CSV":"Hollabrunn;48"},{"label":"Horn","y":98,"CSV":"Horn;98"},{"label":"Imst","y":297,"CSV":"Imst;297"},{"label":"Innsbruck-Land","y":403,"CSV":"Innsbruck-Land;403"},{"label":"Innsbruck-Stadt","y":439,"CSV":"Innsbruck-Stadt;439"},{"label":"Jennersdorf","y":10,"CSV":"Jennersdorf;10"},{"label":"Kirchdorf an der Krems","y":64,"CSV":"Kirchdorf an der Krems;64"},{"label":"Kitzbühel","y":372,"CSV":"Kitzbühel;372"},{"label":"Klagenfurt Land","y":51,"CSV":"Klagenfurt Land;51"},{"label":"Klagenfurt Stadt","y":102,"CSV":"Klagenfurt Stadt;102"},{"label":"Korneuburg","y":187,"CSV":"Korneuburg;187"},{"label":"Krems an der Donau(Stadt)","y":44,"CSV":"Krems an der Donau(Stadt);44"},{"label":"Krems(Land)","y":168,"CSV":"Krems(Land);168"},{"label":"Kufstein","y":530,"CSV":"Kufstein;530"},{"label":"Landeck","y":1006,"CSV":"Landeck;1006"},{"label":"Leibnitz","y":192,"CSV":"Leibnitz;192"},{"label":"Leoben","y":32,"CSV":"Leoben;32"},{"label":"Lienz","y":156,"CSV":"Lienz;156"},{"label":"Liezen (inkl. Gröbming)","y":105,"CSV":"Liezen (inkl. Gröbming);105"},{"label":"Lilienfeld","y":53,"CSV":"Lilienfeld;53"},{"label":"Linz(Stadt)","y":612,"CSV":"Linz(Stadt);612"},{"label":"Linz-Land","y":466,"CSV":"Linz-Land;466"},{"label":"Mattersburg","y":74,"CSV":"Mattersburg;74"},{"label":"Melk","y":181,"CSV":"Melk;181"},{"label":"Mistelbach","y":146,"CSV":"Mistelbach;146"},{"label":"Mödling","y":221,"CSV":"Mödling;221"},{"label":"Murau","y":9,"CSV":"Murau;9"},{"label":"Murtal","y":41,"CSV":"Murtal;41"},{"label":"Neunkirchen","y":234,"CSV":"Neunkirchen;234"},{"label":"Neusiedl am See","y":61,"CSV":"Neusiedl am See;61"},{"label":"Oberpullendorf","y":26,"CSV":"Oberpullendorf;26"},{"label":"Oberwart","y":145,"CSV":"Oberwart;145"},{"label":"Perg","y":342,"CSV":"Perg;342"},{"label":"Reutte","y":63,"CSV":"Reutte;63"},{"label":"Ried im Innkreis","y":75,"CSV":"Ried im Innkreis;75"},{"label":"Rohrbach","y":162,"CSV":"Rohrbach;162"},{"label":"Salzburg(Stadt)","y":182,"CSV":"Salzburg(Stadt);182"},{"label":"Salzburg-Umgebung","y":232,"CSV":"Salzburg-Umgebung;232"},{"label":"Sankt Johann im Pongau","y":450,"CSV":"Sankt Johann im Pongau;450"},{"label":"Sankt Pölten(Land)","y":283,"CSV":"Sankt Pölten(Land);283"},{"label":"Sankt Pölten(Stadt)","y":108,"CSV":"Sankt Pölten(Stadt);108"},{"label":"Sankt Veit an der Glan","y":54,"CSV":"Sankt Veit an der Glan;54"},{"label":"Schärding","y":66,"CSV":"Schärding;66"},{"label":"Scheibbs","y":104,"CSV":"Scheibbs;104"},{"label":"Schwaz","y":358,"CSV":"Schwaz;358"},{"label":"Spittal an der Drau","y":45,"CSV":"Spittal an der Drau;45"},{"label":"Steyr(Stadt)","y":74,"CSV":"Steyr(Stadt);74"},{"label":"Steyr-Land","y":195,"CSV":"Steyr-Land;195"},{"label":"Südoststeiermark","y":68,"CSV":"Südoststeiermark;68"},{"label":"Tamsweg","y":26,"CSV":"Tamsweg;26"},{"label":"Tulln","y":189,"CSV":"Tulln;189"},{"label":"Urfahr-Umgebung","y":325,"CSV":"Urfahr-Umgebung;325"},{"label":"Villach Land","y":51,"CSV":"Villach Land;51"},{"label":"Villach Stadt","y":24,"CSV":"Villach Stadt;24"},{"label":"Vöcklabruck","y":159,"CSV":"Vöcklabruck;159"},{"label":"Voitsberg","y":106,"CSV":"Voitsberg;106"},{"label":"Völkermarkt","y":55,"CSV":"Völkermarkt;55"},{"label":"Waidhofen an der Thaya","y":75,"CSV":"Waidhofen an der Thaya;75"},{"label":"Waidhofen an der Ybbs(Stadt)","y":26,"CSV":"Waidhofen an der Ybbs(Stadt);26"},{"label":"Weiz","y":204,"CSV":"Weiz;204"},{"label":"Wels(Stadt)","y":139,"CSV":"Wels(Stadt);139"},{"label":"Wels-Land","y":124,"CSV":"Wels-Land;124"},{"label":"Wien(Stadt)","y":4568,"CSV":"Wien(Stadt);4568"},{"label":"Wiener Neustadt(Land)","y":104,"CSV":"Wiener Neustadt(Land);104"},{"label":"Wiener Neustadt(Stadt)","y":88,"CSV":"Wiener Neustadt(Stadt);88"},{"label":"Wolfsberg","y":50,"CSV":"Wolfsberg;50"},{"label":"Zell am See","y":370,"CSV":"Zell am See;370"},{"label":"Zwettl","y":73,"CSV":"Zwettl;73"}];
var BezirkeVersion = "22.07.2020 05:00:00 V 1.2.3.0"
