var dpBezirke = [{"label":"Amstetten","y":308,"CSV":"Amstetten;308"},{"label":"Baden","y":203,"CSV":"Baden;203"},{"label":"Bludenz","y":258,"CSV":"Bludenz;258"},{"label":"Braunau am Inn","y":148,"CSV":"Braunau am Inn;148"},{"label":"Bregenz","y":282,"CSV":"Bregenz;282"},{"label":"Bruck an der Leitha","y":124,"CSV":"Bruck an der Leitha;124"},{"label":"Bruck-Mürzzuschlag","y":64,"CSV":"Bruck-Mürzzuschlag;64"},{"label":"Deutschlandsberg","y":51,"CSV":"Deutschlandsberg;51"},{"label":"Dornbirn","y":159,"CSV":"Dornbirn;159"},{"label":"Eferding","y":70,"CSV":"Eferding;70"},{"label":"Eisenstadt(Stadt)","y":20,"CSV":"Eisenstadt(Stadt);20"},{"label":"Eisenstadt-Umgebung","y":27,"CSV":"Eisenstadt-Umgebung;27"},{"label":"Feldkirch","y":216,"CSV":"Feldkirch;216"},{"label":"Feldkirchen","y":15,"CSV":"Feldkirchen;15"},{"label":"Freistadt","y":130,"CSV":"Freistadt;130"},{"label":"Gänserndorf","y":117,"CSV":"Gänserndorf;117"},{"label":"Gmünd","y":16,"CSV":"Gmünd;16"},{"label":"Gmunden","y":82,"CSV":"Gmunden;82"},{"label":"Graz(Stadt)","y":544,"CSV":"Graz(Stadt);544"},{"label":"Graz-Umgebung","y":250,"CSV":"Graz-Umgebung;250"},{"label":"Grieskirchen","y":87,"CSV":"Grieskirchen;87"},{"label":"Güssing","y":26,"CSV":"Güssing;26"},{"label":"Hallein","y":75,"CSV":"Hallein;75"},{"label":"Hartberg-Fürstenfeld","y":320,"CSV":"Hartberg-Fürstenfeld;320"},{"label":"Hermagor","y":5,"CSV":"Hermagor;5"},{"label":"Hollabrunn","y":44,"CSV":"Hollabrunn;44"},{"label":"Horn","y":68,"CSV":"Horn;68"},{"label":"Imst","y":296,"CSV":"Imst;296"},{"label":"Innsbruck-Land","y":399,"CSV":"Innsbruck-Land;399"},{"label":"Innsbruck-Stadt","y":432,"CSV":"Innsbruck-Stadt;432"},{"label":"Jennersdorf","y":10,"CSV":"Jennersdorf;10"},{"label":"Kirchdorf an der Krems","y":62,"CSV":"Kirchdorf an der Krems;62"},{"label":"Kitzbühel","y":372,"CSV":"Kitzbühel;372"},{"label":"Klagenfurt Land","y":50,"CSV":"Klagenfurt Land;50"},{"label":"Klagenfurt Stadt","y":100,"CSV":"Klagenfurt Stadt;100"},{"label":"Korneuburg","y":185,"CSV":"Korneuburg;185"},{"label":"Krems an der Donau(Stadt)","y":41,"CSV":"Krems an der Donau(Stadt);41"},{"label":"Krems(Land)","y":162,"CSV":"Krems(Land);162"},{"label":"Kufstein","y":529,"CSV":"Kufstein;529"},{"label":"Landeck","y":999,"CSV":"Landeck;999"},{"label":"Leibnitz","y":188,"CSV":"Leibnitz;188"},{"label":"Leoben","y":32,"CSV":"Leoben;32"},{"label":"Lienz","y":156,"CSV":"Lienz;156"},{"label":"Liezen (inkl. Gröbming)","y":91,"CSV":"Liezen (inkl. Gröbming);91"},{"label":"Lilienfeld","y":53,"CSV":"Lilienfeld;53"},{"label":"Linz(Stadt)","y":527,"CSV":"Linz(Stadt);527"},{"label":"Linz-Land","y":418,"CSV":"Linz-Land;418"},{"label":"Mattersburg","y":60,"CSV":"Mattersburg;60"},{"label":"Melk","y":176,"CSV":"Melk;176"},{"label":"Mistelbach","y":146,"CSV":"Mistelbach;146"},{"label":"Mödling","y":213,"CSV":"Mödling;213"},{"label":"Murau","y":7,"CSV":"Murau;7"},{"label":"Murtal","y":32,"CSV":"Murtal;32"},{"label":"Neunkirchen","y":230,"CSV":"Neunkirchen;230"},{"label":"Neusiedl am See","y":61,"CSV":"Neusiedl am See;61"},{"label":"Oberpullendorf","y":26,"CSV":"Oberpullendorf;26"},{"label":"Oberwart","y":145,"CSV":"Oberwart;145"},{"label":"Perg","y":312,"CSV":"Perg;312"},{"label":"Reutte","y":57,"CSV":"Reutte;57"},{"label":"Ried im Innkreis","y":74,"CSV":"Ried im Innkreis;74"},{"label":"Rohrbach","y":161,"CSV":"Rohrbach;161"},{"label":"Salzburg(Stadt)","y":164,"CSV":"Salzburg(Stadt);164"},{"label":"Salzburg-Umgebung","y":226,"CSV":"Salzburg-Umgebung;226"},{"label":"Sankt Johann im Pongau","y":447,"CSV":"Sankt Johann im Pongau;447"},{"label":"Sankt Pölten(Land)","y":279,"CSV":"Sankt Pölten(Land);279"},{"label":"Sankt Pölten(Stadt)","y":102,"CSV":"Sankt Pölten(Stadt);102"},{"label":"Sankt Veit an der Glan","y":53,"CSV":"Sankt Veit an der Glan;53"},{"label":"Schärding","y":66,"CSV":"Schärding;66"},{"label":"Scheibbs","y":104,"CSV":"Scheibbs;104"},{"label":"Schwaz","y":357,"CSV":"Schwaz;357"},{"label":"Spittal an der Drau","y":45,"CSV":"Spittal an der Drau;45"},{"label":"Steyr(Stadt)","y":74,"CSV":"Steyr(Stadt);74"},{"label":"Steyr-Land","y":193,"CSV":"Steyr-Land;193"},{"label":"Südoststeiermark","y":66,"CSV":"Südoststeiermark;66"},{"label":"Tamsweg","y":22,"CSV":"Tamsweg;22"},{"label":"Tulln","y":186,"CSV":"Tulln;186"},{"label":"Urfahr-Umgebung","y":314,"CSV":"Urfahr-Umgebung;314"},{"label":"Villach Land","y":50,"CSV":"Villach Land;50"},{"label":"Villach Stadt","y":23,"CSV":"Villach Stadt;23"},{"label":"Vöcklabruck","y":117,"CSV":"Vöcklabruck;117"},{"label":"Voitsberg","y":106,"CSV":"Voitsberg;106"},{"label":"Völkermarkt","y":55,"CSV":"Völkermarkt;55"},{"label":"Waidhofen an der Thaya","y":73,"CSV":"Waidhofen an der Thaya;73"},{"label":"Waidhofen an der Ybbs(Stadt)","y":25,"CSV":"Waidhofen an der Ybbs(Stadt);25"},{"label":"Weiz","y":201,"CSV":"Weiz;201"},{"label":"Wels(Stadt)","y":114,"CSV":"Wels(Stadt);114"},{"label":"Wels-Land","y":120,"CSV":"Wels-Land;120"},{"label":"Wien(Stadt)","y":4311,"CSV":"Wien(Stadt);4311"},{"label":"Wiener Neustadt(Land)","y":97,"CSV":"Wiener Neustadt(Land);97"},{"label":"Wiener Neustadt(Stadt)","y":67,"CSV":"Wiener Neustadt(Stadt);67"},{"label":"Wolfsberg","y":49,"CSV":"Wolfsberg;49"},{"label":"Zell am See","y":368,"CSV":"Zell am See;368"},{"label":"Zwettl","y":73,"CSV":"Zwettl;73"}];
var BezirkeVersion = "15.07.2020 05:00:00 V 1.2.3.0"
