var dpBezirke = [{"label":"Amstetten","y":307,"CSV":"Amstetten;307"},{"label":"Baden","y":200,"CSV":"Baden;200"},{"label":"Bludenz","y":258,"CSV":"Bludenz;258"},{"label":"Braunau am Inn","y":144,"CSV":"Braunau am Inn;144"},{"label":"Bregenz","y":281,"CSV":"Bregenz;281"},{"label":"Bruck an der Leitha","y":124,"CSV":"Bruck an der Leitha;124"},{"label":"Bruck-Mürzzuschlag","y":62,"CSV":"Bruck-Mürzzuschlag;62"},{"label":"Deutschlandsberg","y":50,"CSV":"Deutschlandsberg;50"},{"label":"Dornbirn","y":158,"CSV":"Dornbirn;158"},{"label":"Eferding","y":68,"CSV":"Eferding;68"},{"label":"Eisenstadt(Stadt)","y":19,"CSV":"Eisenstadt(Stadt);19"},{"label":"Eisenstadt-Umgebung","y":27,"CSV":"Eisenstadt-Umgebung;27"},{"label":"Feldkirch","y":216,"CSV":"Feldkirch;216"},{"label":"Feldkirchen","y":15,"CSV":"Feldkirchen;15"},{"label":"Freistadt","y":129,"CSV":"Freistadt;129"},{"label":"Gänserndorf","y":113,"CSV":"Gänserndorf;113"},{"label":"Gmünd","y":15,"CSV":"Gmünd;15"},{"label":"Gmunden","y":78,"CSV":"Gmunden;78"},{"label":"Graz(Stadt)","y":525,"CSV":"Graz(Stadt);525"},{"label":"Graz-Umgebung","y":249,"CSV":"Graz-Umgebung;249"},{"label":"Grieskirchen","y":87,"CSV":"Grieskirchen;87"},{"label":"Güssing","y":26,"CSV":"Güssing;26"},{"label":"Hallein","y":75,"CSV":"Hallein;75"},{"label":"Hartberg-Fürstenfeld","y":319,"CSV":"Hartberg-Fürstenfeld;319"},{"label":"Hermagor","y":5,"CSV":"Hermagor;5"},{"label":"Hollabrunn","y":42,"CSV":"Hollabrunn;42"},{"label":"Horn","y":65,"CSV":"Horn;65"},{"label":"Imst","y":296,"CSV":"Imst;296"},{"label":"Innsbruck-Land","y":394,"CSV":"Innsbruck-Land;394"},{"label":"Innsbruck-Stadt","y":423,"CSV":"Innsbruck-Stadt;423"},{"label":"Jennersdorf","y":10,"CSV":"Jennersdorf;10"},{"label":"Kirchdorf an der Krems","y":56,"CSV":"Kirchdorf an der Krems;56"},{"label":"Kitzbühel","y":372,"CSV":"Kitzbühel;372"},{"label":"Klagenfurt Land","y":49,"CSV":"Klagenfurt Land;49"},{"label":"Klagenfurt Stadt","y":96,"CSV":"Klagenfurt Stadt;96"},{"label":"Korneuburg","y":184,"CSV":"Korneuburg;184"},{"label":"Krems an der Donau(Stadt)","y":41,"CSV":"Krems an der Donau(Stadt);41"},{"label":"Krems(Land)","y":162,"CSV":"Krems(Land);162"},{"label":"Kufstein","y":528,"CSV":"Kufstein;528"},{"label":"Landeck","y":998,"CSV":"Landeck;998"},{"label":"Leibnitz","y":187,"CSV":"Leibnitz;187"},{"label":"Leoben","y":27,"CSV":"Leoben;27"},{"label":"Lienz","y":155,"CSV":"Lienz;155"},{"label":"Liezen (inkl. Gröbming)","y":90,"CSV":"Liezen (inkl. Gröbming);90"},{"label":"Lilienfeld","y":53,"CSV":"Lilienfeld;53"},{"label":"Linz(Stadt)","y":477,"CSV":"Linz(Stadt);477"},{"label":"Linz-Land","y":374,"CSV":"Linz-Land;374"},{"label":"Mattersburg","y":58,"CSV":"Mattersburg;58"},{"label":"Melk","y":176,"CSV":"Melk;176"},{"label":"Mistelbach","y":146,"CSV":"Mistelbach;146"},{"label":"Mödling","y":208,"CSV":"Mödling;208"},{"label":"Murau","y":7,"CSV":"Murau;7"},{"label":"Murtal","y":32,"CSV":"Murtal;32"},{"label":"Neunkirchen","y":224,"CSV":"Neunkirchen;224"},{"label":"Neusiedl am See","y":58,"CSV":"Neusiedl am See;58"},{"label":"Oberpullendorf","y":26,"CSV":"Oberpullendorf;26"},{"label":"Oberwart","y":144,"CSV":"Oberwart;144"},{"label":"Perg","y":305,"CSV":"Perg;305"},{"label":"Reutte","y":57,"CSV":"Reutte;57"},{"label":"Ried im Innkreis","y":73,"CSV":"Ried im Innkreis;73"},{"label":"Rohrbach","y":157,"CSV":"Rohrbach;157"},{"label":"Salzburg(Stadt)","y":162,"CSV":"Salzburg(Stadt);162"},{"label":"Salzburg-Umgebung","y":216,"CSV":"Salzburg-Umgebung;216"},{"label":"Sankt Johann im Pongau","y":441,"CSV":"Sankt Johann im Pongau;441"},{"label":"Sankt Pölten(Land)","y":278,"CSV":"Sankt Pölten(Land);278"},{"label":"Sankt Pölten(Stadt)","y":102,"CSV":"Sankt Pölten(Stadt);102"},{"label":"Sankt Veit an der Glan","y":53,"CSV":"Sankt Veit an der Glan;53"},{"label":"Schärding","y":64,"CSV":"Schärding;64"},{"label":"Scheibbs","y":105,"CSV":"Scheibbs;105"},{"label":"Schwaz","y":357,"CSV":"Schwaz;357"},{"label":"Spittal an der Drau","y":44,"CSV":"Spittal an der Drau;44"},{"label":"Steyr(Stadt)","y":68,"CSV":"Steyr(Stadt);68"},{"label":"Steyr-Land","y":187,"CSV":"Steyr-Land;187"},{"label":"Südoststeiermark","y":66,"CSV":"Südoststeiermark;66"},{"label":"Tamsweg","y":22,"CSV":"Tamsweg;22"},{"label":"Tulln","y":186,"CSV":"Tulln;186"},{"label":"Urfahr-Umgebung","y":309,"CSV":"Urfahr-Umgebung;309"},{"label":"Villach Land","y":49,"CSV":"Villach Land;49"},{"label":"Villach Stadt","y":23,"CSV":"Villach Stadt;23"},{"label":"Vöcklabruck","y":115,"CSV":"Vöcklabruck;115"},{"label":"Voitsberg","y":106,"CSV":"Voitsberg;106"},{"label":"Völkermarkt","y":55,"CSV":"Völkermarkt;55"},{"label":"Waidhofen an der Thaya","y":73,"CSV":"Waidhofen an der Thaya;73"},{"label":"Waidhofen an der Ybbs(Stadt)","y":25,"CSV":"Waidhofen an der Ybbs(Stadt);25"},{"label":"Weiz","y":201,"CSV":"Weiz;201"},{"label":"Wels(Stadt)","y":96,"CSV":"Wels(Stadt);96"},{"label":"Wels-Land","y":114,"CSV":"Wels-Land;114"},{"label":"Wien(Stadt)","y":4152,"CSV":"Wien(Stadt);4152"},{"label":"Wiener Neustadt(Land)","y":93,"CSV":"Wiener Neustadt(Land);93"},{"label":"Wiener Neustadt(Stadt)","y":61,"CSV":"Wiener Neustadt(Stadt);61"},{"label":"Wolfsberg","y":48,"CSV":"Wolfsberg;48"},{"label":"Zell am See","y":365,"CSV":"Zell am See;365"},{"label":"Zwettl","y":73,"CSV":"Zwettl;73"}];
var BezirkeVersion = "10.07.2020 05:00:00 V 1.2.3.0"
