var dpBezirke = [{"label":"Amstetten","y":300,"CSV":"Amstetten;300"},{"label":"Baden","y":190,"CSV":"Baden;190"},{"label":"Bludenz","y":257,"CSV":"Bludenz;257"},{"label":"Braunau am Inn","y":133,"CSV":"Braunau am Inn;133"},{"label":"Bregenz","y":279,"CSV":"Bregenz;279"},{"label":"Bruck an der Leitha","y":116,"CSV":"Bruck an der Leitha;116"},{"label":"Bruck-Mürzzuschlag","y":52,"CSV":"Bruck-Mürzzuschlag;52"},{"label":"Deutschlandsberg","y":49,"CSV":"Deutschlandsberg;49"},{"label":"Dornbirn","y":157,"CSV":"Dornbirn;157"},{"label":"Eferding","y":54,"CSV":"Eferding;54"},{"label":"Eisenstadt(Stadt)","y":19,"CSV":"Eisenstadt(Stadt);19"},{"label":"Eisenstadt-Umgebung","y":23,"CSV":"Eisenstadt-Umgebung;23"},{"label":"Feldkirch","y":214,"CSV":"Feldkirch;214"},{"label":"Feldkirchen","y":15,"CSV":"Feldkirchen;15"},{"label":"Freistadt","y":120,"CSV":"Freistadt;120"},{"label":"Gänserndorf","y":106,"CSV":"Gänserndorf;106"},{"label":"Gmünd","y":15,"CSV":"Gmünd;15"},{"label":"Gmunden","y":74,"CSV":"Gmunden;74"},{"label":"Graz(Stadt)","y":478,"CSV":"Graz(Stadt);478"},{"label":"Graz-Umgebung","y":248,"CSV":"Graz-Umgebung;248"},{"label":"Grieskirchen","y":75,"CSV":"Grieskirchen;75"},{"label":"Güssing","y":24,"CSV":"Güssing;24"},{"label":"Hallein","y":76,"CSV":"Hallein;76"},{"label":"Hartberg-Fürstenfeld","y":318,"CSV":"Hartberg-Fürstenfeld;318"},{"label":"Hermagor","y":5,"CSV":"Hermagor;5"},{"label":"Hollabrunn","y":42,"CSV":"Hollabrunn;42"},{"label":"Horn","y":64,"CSV":"Horn;64"},{"label":"Imst","y":294,"CSV":"Imst;294"},{"label":"Innsbruck-Land","y":393,"CSV":"Innsbruck-Land;393"},{"label":"Innsbruck-Stadt","y":408,"CSV":"Innsbruck-Stadt;408"},{"label":"Jennersdorf","y":10,"CSV":"Jennersdorf;10"},{"label":"Kirchdorf an der Krems","y":44,"CSV":"Kirchdorf an der Krems;44"},{"label":"Kitzbühel","y":369,"CSV":"Kitzbühel;369"},{"label":"Klagenfurt Land","y":45,"CSV":"Klagenfurt Land;45"},{"label":"Klagenfurt Stadt","y":92,"CSV":"Klagenfurt Stadt;92"},{"label":"Korneuburg","y":180,"CSV":"Korneuburg;180"},{"label":"Krems an der Donau(Stadt)","y":41,"CSV":"Krems an der Donau(Stadt);41"},{"label":"Krems(Land)","y":160,"CSV":"Krems(Land);160"},{"label":"Kufstein","y":524,"CSV":"Kufstein;524"},{"label":"Landeck","y":992,"CSV":"Landeck;992"},{"label":"Leibnitz","y":183,"CSV":"Leibnitz;183"},{"label":"Leoben","y":25,"CSV":"Leoben;25"},{"label":"Lienz","y":153,"CSV":"Lienz;153"},{"label":"Liezen (inkl. Gröbming)","y":89,"CSV":"Liezen (inkl. Gröbming);89"},{"label":"Lilienfeld","y":51,"CSV":"Lilienfeld;51"},{"label":"Linz(Stadt)","y":332,"CSV":"Linz(Stadt);332"},{"label":"Linz-Land","y":216,"CSV":"Linz-Land;216"},{"label":"Mattersburg","y":55,"CSV":"Mattersburg;55"},{"label":"Melk","y":173,"CSV":"Melk;173"},{"label":"Mistelbach","y":147,"CSV":"Mistelbach;147"},{"label":"Mödling","y":194,"CSV":"Mödling;194"},{"label":"Murau","y":7,"CSV":"Murau;7"},{"label":"Murtal","y":32,"CSV":"Murtal;32"},{"label":"Neunkirchen","y":203,"CSV":"Neunkirchen;203"},{"label":"Neusiedl am See","y":56,"CSV":"Neusiedl am See;56"},{"label":"Oberpullendorf","y":25,"CSV":"Oberpullendorf;25"},{"label":"Oberwart","y":134,"CSV":"Oberwart;134"},{"label":"Perg","y":262,"CSV":"Perg;262"},{"label":"Reutte","y":57,"CSV":"Reutte;57"},{"label":"Ried im Innkreis","y":45,"CSV":"Ried im Innkreis;45"},{"label":"Rohrbach","y":154,"CSV":"Rohrbach;154"},{"label":"Salzburg(Stadt)","y":139,"CSV":"Salzburg(Stadt);139"},{"label":"Salzburg-Umgebung","y":205,"CSV":"Salzburg-Umgebung;205"},{"label":"Sankt Johann im Pongau","y":435,"CSV":"Sankt Johann im Pongau;435"},{"label":"Sankt Pölten(Land)","y":273,"CSV":"Sankt Pölten(Land);273"},{"label":"Sankt Pölten(Stadt)","y":95,"CSV":"Sankt Pölten(Stadt);95"},{"label":"Sankt Veit an der Glan","y":52,"CSV":"Sankt Veit an der Glan;52"},{"label":"Schärding","y":58,"CSV":"Schärding;58"},{"label":"Scheibbs","y":103,"CSV":"Scheibbs;103"},{"label":"Schwaz","y":352,"CSV":"Schwaz;352"},{"label":"Spittal an der Drau","y":42,"CSV":"Spittal an der Drau;42"},{"label":"Steyr(Stadt)","y":63,"CSV":"Steyr(Stadt);63"},{"label":"Steyr-Land","y":182,"CSV":"Steyr-Land;182"},{"label":"Südoststeiermark","y":62,"CSV":"Südoststeiermark;62"},{"label":"Tamsweg","y":22,"CSV":"Tamsweg;22"},{"label":"Tulln","y":178,"CSV":"Tulln;178"},{"label":"Urfahr-Umgebung","y":282,"CSV":"Urfahr-Umgebung;282"},{"label":"Villach Land","y":48,"CSV":"Villach Land;48"},{"label":"Villach Stadt","y":23,"CSV":"Villach Stadt;23"},{"label":"Vöcklabruck","y":109,"CSV":"Vöcklabruck;109"},{"label":"Voitsberg","y":106,"CSV":"Voitsberg;106"},{"label":"Völkermarkt","y":55,"CSV":"Völkermarkt;55"},{"label":"Waidhofen an der Thaya","y":73,"CSV":"Waidhofen an der Thaya;73"},{"label":"Waidhofen an der Ybbs(Stadt)","y":25,"CSV":"Waidhofen an der Ybbs(Stadt);25"},{"label":"Weiz","y":201,"CSV":"Weiz;201"},{"label":"Wels(Stadt)","y":58,"CSV":"Wels(Stadt);58"},{"label":"Wels-Land","y":81,"CSV":"Wels-Land;81"},{"label":"Wien(Stadt)","y":3652,"CSV":"Wien(Stadt);3652"},{"label":"Wiener Neustadt(Land)","y":88,"CSV":"Wiener Neustadt(Land);88"},{"label":"Wiener Neustadt(Stadt)","y":57,"CSV":"Wiener Neustadt(Stadt);57"},{"label":"Wolfsberg","y":45,"CSV":"Wolfsberg;45"},{"label":"Zell am See","y":362,"CSV":"Zell am See;362"},{"label":"Zwettl","y":73,"CSV":"Zwettl;73"}];
var BezirkeVersion = "21.06.2020 07:00:00 V 1.2.3.0"
