var dpBezirke = [{"label":"Amstetten","y":300,"CSV":"Amstetten;300"},{"label":"Baden","y":173,"CSV":"Baden;173"},{"label":"Bludenz","y":257,"CSV":"Bludenz;257"},{"label":"Braunau","y":133,"CSV":"Braunau;133"},{"label":"Bregenz","y":277,"CSV":"Bregenz;277"},{"label":"Bruck an der Leitha","y":112,"CSV":"Bruck an der Leitha;112"},{"label":"Bruck-Mürzzuschlag","y":52,"CSV":"Bruck-Mürzzuschlag;52"},{"label":"Deutschlandsberg","y":50,"CSV":"Deutschlandsberg;50"},{"label":"Dornbirn","y":153,"CSV":"Dornbirn;153"},{"label":"Eferding","y":53,"CSV":"Eferding;53"},{"label":"Eisenstadt(Stadt)","y":19,"CSV":"Eisenstadt(Stadt);19"},{"label":"Eisenstadt-Umgebung","y":23,"CSV":"Eisenstadt-Umgebung;23"},{"label":"Feldkirch","y":214,"CSV":"Feldkirch;214"},{"label":"Feldkirchen","y":15,"CSV":"Feldkirchen;15"},{"label":"Freistadt","y":120,"CSV":"Freistadt;120"},{"label":"Gänserndorf","y":102,"CSV":"Gänserndorf;102"},{"label":"Gmünd","y":14,"CSV":"Gmünd;14"},{"label":"Gmunden","y":73,"CSV":"Gmunden;73"},{"label":"Graz(Stadt)","y":470,"CSV":"Graz(Stadt);470"},{"label":"Graz-Umgebung","y":248,"CSV":"Graz-Umgebung;248"},{"label":"Grieskirchen","y":74,"CSV":"Grieskirchen;74"},{"label":"Güssing","y":24,"CSV":"Güssing;24"},{"label":"Hallein","y":69,"CSV":"Hallein;69"},{"label":"Hartberg-Fürstenfeld","y":318,"CSV":"Hartberg-Fürstenfeld;318"},{"label":"Hermagor","y":5,"CSV":"Hermagor;5"},{"label":"Hollabrunn","y":37,"CSV":"Hollabrunn;37"},{"label":"Horn","y":62,"CSV":"Horn;62"},{"label":"Imst","y":294,"CSV":"Imst;294"},{"label":"Innsbruck-Land","y":390,"CSV":"Innsbruck-Land;390"},{"label":"Innsbruck-Stadt","y":409,"CSV":"Innsbruck-Stadt;409"},{"label":"Jennersdorf","y":10,"CSV":"Jennersdorf;10"},{"label":"Kirchdorf","y":44,"CSV":"Kirchdorf;44"},{"label":"Kitzbühel","y":368,"CSV":"Kitzbühel;368"},{"label":"Klagenfurt Land","y":42,"CSV":"Klagenfurt Land;42"},{"label":"Klagenfurt Stadt","y":91,"CSV":"Klagenfurt Stadt;91"},{"label":"Korneuburg","y":171,"CSV":"Korneuburg;171"},{"label":"Krems an der Donau(Stadt)","y":40,"CSV":"Krems an der Donau(Stadt);40"},{"label":"Krems(Land)","y":156,"CSV":"Krems(Land);156"},{"label":"Kufstein","y":523,"CSV":"Kufstein;523"},{"label":"Landeck","y":992,"CSV":"Landeck;992"},{"label":"Leibnitz","y":184,"CSV":"Leibnitz;184"},{"label":"Leoben","y":25,"CSV":"Leoben;25"},{"label":"Lienz","y":152,"CSV":"Lienz;152"},{"label":"Liezen (inkl. Gröbming)","y":89,"CSV":"Liezen (inkl. Gröbming);89"},{"label":"Lilienfeld","y":46,"CSV":"Lilienfeld;46"},{"label":"Linz(Stadt)","y":316,"CSV":"Linz(Stadt);316"},{"label":"Linz-Land","y":210,"CSV":"Linz-Land;210"},{"label":"Mattersburg","y":53,"CSV":"Mattersburg;53"},{"label":"Melk","y":172,"CSV":"Melk;172"},{"label":"Mistelbach","y":146,"CSV":"Mistelbach;146"},{"label":"Mödling","y":190,"CSV":"Mödling;190"},{"label":"Murau","y":7,"CSV":"Murau;7"},{"label":"Murtal","y":32,"CSV":"Murtal;32"},{"label":"Neunkirchen","y":199,"CSV":"Neunkirchen;199"},{"label":"Neusiedl am See","y":56,"CSV":"Neusiedl am See;56"},{"label":"Oberpullendorf","y":24,"CSV":"Oberpullendorf;24"},{"label":"Oberwart","y":133,"CSV":"Oberwart;133"},{"label":"Perg","y":253,"CSV":"Perg;253"},{"label":"Reutte","y":57,"CSV":"Reutte;57"},{"label":"Ried","y":45,"CSV":"Ried;45"},{"label":"Rohrbach","y":153,"CSV":"Rohrbach;153"},{"label":"Salzburg(Stadt)","y":134,"CSV":"Salzburg(Stadt);134"},{"label":"Salzburg-Umgebung","y":201,"CSV":"Salzburg-Umgebung;201"},{"label":"Sankt Johann im Pongau","y":434,"CSV":"Sankt Johann im Pongau;434"},{"label":"Sankt Pölten(Land)","y":267,"CSV":"Sankt Pölten(Land);267"},{"label":"Sankt Pölten(Stadt)","y":90,"CSV":"Sankt Pölten(Stadt);90"},{"label":"Sankt Veit an der Glan","y":52,"CSV":"Sankt Veit an der Glan;52"},{"label":"Schärding","y":58,"CSV":"Schärding;58"},{"label":"Scheibbs","y":103,"CSV":"Scheibbs;103"},{"label":"Schwaz","y":352,"CSV":"Schwaz;352"},{"label":"Spittal an der Drau","y":42,"CSV":"Spittal an der Drau;42"},{"label":"Steyr(Stadt)","y":62,"CSV":"Steyr(Stadt);62"},{"label":"Steyr-Land","y":181,"CSV":"Steyr-Land;181"},{"label":"Südoststeiermark","y":62,"CSV":"Südoststeiermark;62"},{"label":"Tamsweg","y":22,"CSV":"Tamsweg;22"},{"label":"Tulln","y":175,"CSV":"Tulln;175"},{"label":"Urfahr-Umgebung","y":282,"CSV":"Urfahr-Umgebung;282"},{"label":"Villach Land","y":48,"CSV":"Villach Land;48"},{"label":"Villach Stadt","y":23,"CSV":"Villach Stadt;23"},{"label":"Vöcklabruck","y":107,"CSV":"Vöcklabruck;107"},{"label":"Voitsberg","y":105,"CSV":"Voitsberg;105"},{"label":"Völkermarkt","y":54,"CSV":"Völkermarkt;54"},{"label":"Waidhofen an der Thaya","y":73,"CSV":"Waidhofen an der Thaya;73"},{"label":"Waidhofen an der Ybbs(Stadt)","y":25,"CSV":"Waidhofen an der Ybbs(Stadt);25"},{"label":"Weiz","y":198,"CSV":"Weiz;198"},{"label":"Wels(Stadt)","y":58,"CSV":"Wels(Stadt);58"},{"label":"Wels-Land","y":79,"CSV":"Wels-Land;79"},{"label":"Wien(Stadt)","y":3280,"CSV":"Wien(Stadt);3280"},{"label":"Wiener Neustadt(Land)","y":86,"CSV":"Wiener Neustadt(Land);86"},{"label":"Wiener Neustadt(Stadt)","y":56,"CSV":"Wiener Neustadt(Stadt);56"},{"label":"Wolfsberg","y":44,"CSV":"Wolfsberg;44"},{"label":"Zell am See","y":360,"CSV":"Zell am See;360"},{"label":"Zwettl","y":73,"CSV":"Zwettl;73"}];
var BezirkeVersion = "04.06.2020 08:00:00 V 1.2.3.0"
