var dpBezirke = [{"label":"Amstetten","y":314,"CSV":"Amstetten;314"},{"label":"Baden","y":216,"CSV":"Baden;216"},{"label":"Bludenz","y":261,"CSV":"Bludenz;261"},{"label":"Braunau am Inn","y":162,"CSV":"Braunau am Inn;162"},{"label":"Bregenz","y":283,"CSV":"Bregenz;283"},{"label":"Bruck an der Leitha","y":131,"CSV":"Bruck an der Leitha;131"},{"label":"Bruck-Mürzzuschlag","y":64,"CSV":"Bruck-Mürzzuschlag;64"},{"label":"Deutschlandsberg","y":54,"CSV":"Deutschlandsberg;54"},{"label":"Dornbirn","y":161,"CSV":"Dornbirn;161"},{"label":"Eferding","y":80,"CSV":"Eferding;80"},{"label":"Eisenstadt(Stadt)","y":19,"CSV":"Eisenstadt(Stadt);19"},{"label":"Eisenstadt-Umgebung","y":28,"CSV":"Eisenstadt-Umgebung;28"},{"label":"Feldkirch","y":225,"CSV":"Feldkirch;225"},{"label":"Feldkirchen","y":15,"CSV":"Feldkirchen;15"},{"label":"Freistadt","y":140,"CSV":"Freistadt;140"},{"label":"Gänserndorf","y":130,"CSV":"Gänserndorf;130"},{"label":"Gmünd","y":16,"CSV":"Gmünd;16"},{"label":"Gmunden","y":101,"CSV":"Gmunden;101"},{"label":"Graz(Stadt)","y":570,"CSV":"Graz(Stadt);570"},{"label":"Graz-Umgebung","y":259,"CSV":"Graz-Umgebung;259"},{"label":"Grieskirchen","y":90,"CSV":"Grieskirchen;90"},{"label":"Güssing","y":26,"CSV":"Güssing;26"},{"label":"Hallein","y":80,"CSV":"Hallein;80"},{"label":"Hartberg-Fürstenfeld","y":321,"CSV":"Hartberg-Fürstenfeld;321"},{"label":"Hermagor","y":5,"CSV":"Hermagor;5"},{"label":"Hollabrunn","y":48,"CSV":"Hollabrunn;48"},{"label":"Horn","y":97,"CSV":"Horn;97"},{"label":"Imst","y":297,"CSV":"Imst;297"},{"label":"Innsbruck-Land","y":409,"CSV":"Innsbruck-Land;409"},{"label":"Innsbruck-Stadt","y":442,"CSV":"Innsbruck-Stadt;442"},{"label":"Jennersdorf","y":10,"CSV":"Jennersdorf;10"},{"label":"Kirchdorf an der Krems","y":65,"CSV":"Kirchdorf an der Krems;65"},{"label":"Kitzbühel","y":375,"CSV":"Kitzbühel;375"},{"label":"Klagenfurt Land","y":51,"CSV":"Klagenfurt Land;51"},{"label":"Klagenfurt Stadt","y":102,"CSV":"Klagenfurt Stadt;102"},{"label":"Korneuburg","y":193,"CSV":"Korneuburg;193"},{"label":"Krems an der Donau(Stadt)","y":45,"CSV":"Krems an der Donau(Stadt);45"},{"label":"Krems(Land)","y":174,"CSV":"Krems(Land);174"},{"label":"Kufstein","y":531,"CSV":"Kufstein;531"},{"label":"Landeck","y":1007,"CSV":"Landeck;1007"},{"label":"Leibnitz","y":193,"CSV":"Leibnitz;193"},{"label":"Leoben","y":38,"CSV":"Leoben;38"},{"label":"Lienz","y":156,"CSV":"Lienz;156"},{"label":"Liezen (inkl. Gröbming)","y":109,"CSV":"Liezen (inkl. Gröbming);109"},{"label":"Lilienfeld","y":53,"CSV":"Lilienfeld;53"},{"label":"Linz(Stadt)","y":658,"CSV":"Linz(Stadt);658"},{"label":"Linz-Land","y":488,"CSV":"Linz-Land;488"},{"label":"Mattersburg","y":76,"CSV":"Mattersburg;76"},{"label":"Melk","y":185,"CSV":"Melk;185"},{"label":"Mistelbach","y":146,"CSV":"Mistelbach;146"},{"label":"Mödling","y":225,"CSV":"Mödling;225"},{"label":"Murau","y":9,"CSV":"Murau;9"},{"label":"Murtal","y":52,"CSV":"Murtal;52"},{"label":"Neunkirchen","y":234,"CSV":"Neunkirchen;234"},{"label":"Neusiedl am See","y":64,"CSV":"Neusiedl am See;64"},{"label":"Oberpullendorf","y":26,"CSV":"Oberpullendorf;26"},{"label":"Oberwart","y":145,"CSV":"Oberwart;145"},{"label":"Perg","y":343,"CSV":"Perg;343"},{"label":"Reutte","y":63,"CSV":"Reutte;63"},{"label":"Ried im Innkreis","y":76,"CSV":"Ried im Innkreis;76"},{"label":"Rohrbach","y":167,"CSV":"Rohrbach;167"},{"label":"Salzburg(Stadt)","y":190,"CSV":"Salzburg(Stadt);190"},{"label":"Salzburg-Umgebung","y":237,"CSV":"Salzburg-Umgebung;237"},{"label":"Sankt Johann im Pongau","y":453,"CSV":"Sankt Johann im Pongau;453"},{"label":"Sankt Pölten(Land)","y":286,"CSV":"Sankt Pölten(Land);286"},{"label":"Sankt Pölten(Stadt)","y":109,"CSV":"Sankt Pölten(Stadt);109"},{"label":"Sankt Veit an der Glan","y":54,"CSV":"Sankt Veit an der Glan;54"},{"label":"Schärding","y":66,"CSV":"Schärding;66"},{"label":"Scheibbs","y":104,"CSV":"Scheibbs;104"},{"label":"Schwaz","y":358,"CSV":"Schwaz;358"},{"label":"Spittal an der Drau","y":45,"CSV":"Spittal an der Drau;45"},{"label":"Steyr(Stadt)","y":75,"CSV":"Steyr(Stadt);75"},{"label":"Steyr-Land","y":199,"CSV":"Steyr-Land;199"},{"label":"Südoststeiermark","y":68,"CSV":"Südoststeiermark;68"},{"label":"Tamsweg","y":26,"CSV":"Tamsweg;26"},{"label":"Tulln","y":192,"CSV":"Tulln;192"},{"label":"Urfahr-Umgebung","y":332,"CSV":"Urfahr-Umgebung;332"},{"label":"Villach Land","y":51,"CSV":"Villach Land;51"},{"label":"Villach Stadt","y":24,"CSV":"Villach Stadt;24"},{"label":"Vöcklabruck","y":169,"CSV":"Vöcklabruck;169"},{"label":"Voitsberg","y":106,"CSV":"Voitsberg;106"},{"label":"Völkermarkt","y":55,"CSV":"Völkermarkt;55"},{"label":"Waidhofen an der Thaya","y":75,"CSV":"Waidhofen an der Thaya;75"},{"label":"Waidhofen an der Ybbs(Stadt)","y":26,"CSV":"Waidhofen an der Ybbs(Stadt);26"},{"label":"Weiz","y":205,"CSV":"Weiz;205"},{"label":"Wels(Stadt)","y":139,"CSV":"Wels(Stadt);139"},{"label":"Wels-Land","y":126,"CSV":"Wels-Land;126"},{"label":"Wien(Stadt)","y":4740,"CSV":"Wien(Stadt);4740"},{"label":"Wiener Neustadt(Land)","y":107,"CSV":"Wiener Neustadt(Land);107"},{"label":"Wiener Neustadt(Stadt)","y":88,"CSV":"Wiener Neustadt(Stadt);88"},{"label":"Wolfsberg","y":50,"CSV":"Wolfsberg;50"},{"label":"Zell am See","y":370,"CSV":"Zell am See;370"},{"label":"Zwettl","y":73,"CSV":"Zwettl;73"}];
var BezirkeVersion = "25.07.2020 05:00:00 V 1.2.3.0"
