var dpBezirke = [{"label":"Amstetten","y":301,"CSV":"Amstetten;301"},{"label":"Baden","y":198,"CSV":"Baden;198"},{"label":"Bludenz","y":258,"CSV":"Bludenz;258"},{"label":"Braunau am Inn","y":143,"CSV":"Braunau am Inn;143"},{"label":"Bregenz","y":279,"CSV":"Bregenz;279"},{"label":"Bruck an der Leitha","y":124,"CSV":"Bruck an der Leitha;124"},{"label":"Bruck-Mürzzuschlag","y":59,"CSV":"Bruck-Mürzzuschlag;59"},{"label":"Deutschlandsberg","y":50,"CSV":"Deutschlandsberg;50"},{"label":"Dornbirn","y":158,"CSV":"Dornbirn;158"},{"label":"Eferding","y":64,"CSV":"Eferding;64"},{"label":"Eisenstadt(Stadt)","y":19,"CSV":"Eisenstadt(Stadt);19"},{"label":"Eisenstadt-Umgebung","y":25,"CSV":"Eisenstadt-Umgebung;25"},{"label":"Feldkirch","y":216,"CSV":"Feldkirch;216"},{"label":"Feldkirchen","y":15,"CSV":"Feldkirchen;15"},{"label":"Freistadt","y":126,"CSV":"Freistadt;126"},{"label":"Gänserndorf","y":113,"CSV":"Gänserndorf;113"},{"label":"Gmünd","y":15,"CSV":"Gmünd;15"},{"label":"Gmunden","y":77,"CSV":"Gmunden;77"},{"label":"Graz(Stadt)","y":515,"CSV":"Graz(Stadt);515"},{"label":"Graz-Umgebung","y":248,"CSV":"Graz-Umgebung;248"},{"label":"Grieskirchen","y":85,"CSV":"Grieskirchen;85"},{"label":"Güssing","y":25,"CSV":"Güssing;25"},{"label":"Hallein","y":75,"CSV":"Hallein;75"},{"label":"Hartberg-Fürstenfeld","y":319,"CSV":"Hartberg-Fürstenfeld;319"},{"label":"Hermagor","y":5,"CSV":"Hermagor;5"},{"label":"Hollabrunn","y":42,"CSV":"Hollabrunn;42"},{"label":"Horn","y":64,"CSV":"Horn;64"},{"label":"Imst","y":295,"CSV":"Imst;295"},{"label":"Innsbruck-Land","y":393,"CSV":"Innsbruck-Land;393"},{"label":"Innsbruck-Stadt","y":420,"CSV":"Innsbruck-Stadt;420"},{"label":"Jennersdorf","y":10,"CSV":"Jennersdorf;10"},{"label":"Kirchdorf an der Krems","y":54,"CSV":"Kirchdorf an der Krems;54"},{"label":"Kitzbühel","y":369,"CSV":"Kitzbühel;369"},{"label":"Klagenfurt Land","y":48,"CSV":"Klagenfurt Land;48"},{"label":"Klagenfurt Stadt","y":94,"CSV":"Klagenfurt Stadt;94"},{"label":"Korneuburg","y":181,"CSV":"Korneuburg;181"},{"label":"Krems an der Donau(Stadt)","y":41,"CSV":"Krems an der Donau(Stadt);41"},{"label":"Krems(Land)","y":161,"CSV":"Krems(Land);161"},{"label":"Kufstein","y":527,"CSV":"Kufstein;527"},{"label":"Landeck","y":997,"CSV":"Landeck;997"},{"label":"Leibnitz","y":186,"CSV":"Leibnitz;186"},{"label":"Leoben","y":25,"CSV":"Leoben;25"},{"label":"Lienz","y":154,"CSV":"Lienz;154"},{"label":"Liezen (inkl. Gröbming)","y":89,"CSV":"Liezen (inkl. Gröbming);89"},{"label":"Lilienfeld","y":53,"CSV":"Lilienfeld;53"},{"label":"Linz(Stadt)","y":444,"CSV":"Linz(Stadt);444"},{"label":"Linz-Land","y":346,"CSV":"Linz-Land;346"},{"label":"Mattersburg","y":58,"CSV":"Mattersburg;58"},{"label":"Melk","y":175,"CSV":"Melk;175"},{"label":"Mistelbach","y":147,"CSV":"Mistelbach;147"},{"label":"Mödling","y":205,"CSV":"Mödling;205"},{"label":"Murau","y":7,"CSV":"Murau;7"},{"label":"Murtal","y":32,"CSV":"Murtal;32"},{"label":"Neunkirchen","y":223,"CSV":"Neunkirchen;223"},{"label":"Neusiedl am See","y":58,"CSV":"Neusiedl am See;58"},{"label":"Oberpullendorf","y":26,"CSV":"Oberpullendorf;26"},{"label":"Oberwart","y":140,"CSV":"Oberwart;140"},{"label":"Perg","y":287,"CSV":"Perg;287"},{"label":"Reutte","y":57,"CSV":"Reutte;57"},{"label":"Ried im Innkreis","y":63,"CSV":"Ried im Innkreis;63"},{"label":"Rohrbach","y":155,"CSV":"Rohrbach;155"},{"label":"Salzburg(Stadt)","y":150,"CSV":"Salzburg(Stadt);150"},{"label":"Salzburg-Umgebung","y":215,"CSV":"Salzburg-Umgebung;215"},{"label":"Sankt Johann im Pongau","y":437,"CSV":"Sankt Johann im Pongau;437"},{"label":"Sankt Pölten(Land)","y":276,"CSV":"Sankt Pölten(Land);276"},{"label":"Sankt Pölten(Stadt)","y":101,"CSV":"Sankt Pölten(Stadt);101"},{"label":"Sankt Veit an der Glan","y":52,"CSV":"Sankt Veit an der Glan;52"},{"label":"Schärding","y":62,"CSV":"Schärding;62"},{"label":"Scheibbs","y":103,"CSV":"Scheibbs;103"},{"label":"Schwaz","y":355,"CSV":"Schwaz;355"},{"label":"Spittal an der Drau","y":45,"CSV":"Spittal an der Drau;45"},{"label":"Steyr(Stadt)","y":64,"CSV":"Steyr(Stadt);64"},{"label":"Steyr-Land","y":183,"CSV":"Steyr-Land;183"},{"label":"Südoststeiermark","y":64,"CSV":"Südoststeiermark;64"},{"label":"Tamsweg","y":22,"CSV":"Tamsweg;22"},{"label":"Tulln","y":184,"CSV":"Tulln;184"},{"label":"Urfahr-Umgebung","y":304,"CSV":"Urfahr-Umgebung;304"},{"label":"Villach Land","y":48,"CSV":"Villach Land;48"},{"label":"Villach Stadt","y":23,"CSV":"Villach Stadt;23"},{"label":"Vöcklabruck","y":110,"CSV":"Vöcklabruck;110"},{"label":"Voitsberg","y":106,"CSV":"Voitsberg;106"},{"label":"Völkermarkt","y":55,"CSV":"Völkermarkt;55"},{"label":"Waidhofen an der Thaya","y":73,"CSV":"Waidhofen an der Thaya;73"},{"label":"Waidhofen an der Ybbs(Stadt)","y":25,"CSV":"Waidhofen an der Ybbs(Stadt);25"},{"label":"Weiz","y":201,"CSV":"Weiz;201"},{"label":"Wels(Stadt)","y":84,"CSV":"Wels(Stadt);84"},{"label":"Wels-Land","y":104,"CSV":"Wels-Land;104"},{"label":"Wien(Stadt)","y":4042,"CSV":"Wien(Stadt);4042"},{"label":"Wiener Neustadt(Land)","y":90,"CSV":"Wiener Neustadt(Land);90"},{"label":"Wiener Neustadt(Stadt)","y":61,"CSV":"Wiener Neustadt(Stadt);61"},{"label":"Wolfsberg","y":48,"CSV":"Wolfsberg;48"},{"label":"Zell am See","y":363,"CSV":"Zell am See;363"},{"label":"Zwettl","y":73,"CSV":"Zwettl;73"}];
var BezirkeVersion = "06.07.2020 05:00:00 V 1.2.3.0"
