var dpBezirke = [{"label":"Amstetten","y":309,"CSV":"Amstetten;309"},{"label":"Baden","y":213,"CSV":"Baden;213"},{"label":"Bludenz","y":259,"CSV":"Bludenz;259"},{"label":"Braunau am Inn","y":149,"CSV":"Braunau am Inn;149"},{"label":"Bregenz","y":283,"CSV":"Bregenz;283"},{"label":"Bruck an der Leitha","y":125,"CSV":"Bruck an der Leitha;125"},{"label":"Bruck-Mürzzuschlag","y":64,"CSV":"Bruck-Mürzzuschlag;64"},{"label":"Deutschlandsberg","y":50,"CSV":"Deutschlandsberg;50"},{"label":"Dornbirn","y":159,"CSV":"Dornbirn;159"},{"label":"Eferding","y":69,"CSV":"Eferding;69"},{"label":"Eisenstadt(Stadt)","y":24,"CSV":"Eisenstadt(Stadt);24"},{"label":"Eisenstadt-Umgebung","y":28,"CSV":"Eisenstadt-Umgebung;28"},{"label":"Feldkirch","y":218,"CSV":"Feldkirch;218"},{"label":"Feldkirchen","y":15,"CSV":"Feldkirchen;15"},{"label":"Freistadt","y":136,"CSV":"Freistadt;136"},{"label":"Gänserndorf","y":121,"CSV":"Gänserndorf;121"},{"label":"Gmünd","y":16,"CSV":"Gmünd;16"},{"label":"Gmunden","y":88,"CSV":"Gmunden;88"},{"label":"Graz(Stadt)","y":561,"CSV":"Graz(Stadt);561"},{"label":"Graz-Umgebung","y":254,"CSV":"Graz-Umgebung;254"},{"label":"Grieskirchen","y":90,"CSV":"Grieskirchen;90"},{"label":"Güssing","y":26,"CSV":"Güssing;26"},{"label":"Hallein","y":77,"CSV":"Hallein;77"},{"label":"Hartberg-Fürstenfeld","y":320,"CSV":"Hartberg-Fürstenfeld;320"},{"label":"Hermagor","y":5,"CSV":"Hermagor;5"},{"label":"Hollabrunn","y":48,"CSV":"Hollabrunn;48"},{"label":"Horn","y":96,"CSV":"Horn;96"},{"label":"Imst","y":297,"CSV":"Imst;297"},{"label":"Innsbruck-Land","y":401,"CSV":"Innsbruck-Land;401"},{"label":"Innsbruck-Stadt","y":435,"CSV":"Innsbruck-Stadt;435"},{"label":"Jennersdorf","y":10,"CSV":"Jennersdorf;10"},{"label":"Kirchdorf an der Krems","y":64,"CSV":"Kirchdorf an der Krems;64"},{"label":"Kitzbühel","y":372,"CSV":"Kitzbühel;372"},{"label":"Klagenfurt Land","y":51,"CSV":"Klagenfurt Land;51"},{"label":"Klagenfurt Stadt","y":101,"CSV":"Klagenfurt Stadt;101"},{"label":"Korneuburg","y":186,"CSV":"Korneuburg;186"},{"label":"Krems an der Donau(Stadt)","y":43,"CSV":"Krems an der Donau(Stadt);43"},{"label":"Krems(Land)","y":164,"CSV":"Krems(Land);164"},{"label":"Kufstein","y":529,"CSV":"Kufstein;529"},{"label":"Landeck","y":1004,"CSV":"Landeck;1004"},{"label":"Leibnitz","y":189,"CSV":"Leibnitz;189"},{"label":"Leoben","y":32,"CSV":"Leoben;32"},{"label":"Lienz","y":156,"CSV":"Lienz;156"},{"label":"Liezen (inkl. Gröbming)","y":96,"CSV":"Liezen (inkl. Gröbming);96"},{"label":"Lilienfeld","y":53,"CSV":"Lilienfeld;53"},{"label":"Linz(Stadt)","y":588,"CSV":"Linz(Stadt);588"},{"label":"Linz-Land","y":460,"CSV":"Linz-Land;460"},{"label":"Mattersburg","y":65,"CSV":"Mattersburg;65"},{"label":"Melk","y":179,"CSV":"Melk;179"},{"label":"Mistelbach","y":146,"CSV":"Mistelbach;146"},{"label":"Mödling","y":219,"CSV":"Mödling;219"},{"label":"Murau","y":9,"CSV":"Murau;9"},{"label":"Murtal","y":36,"CSV":"Murtal;36"},{"label":"Neunkirchen","y":233,"CSV":"Neunkirchen;233"},{"label":"Neusiedl am See","y":61,"CSV":"Neusiedl am See;61"},{"label":"Oberpullendorf","y":26,"CSV":"Oberpullendorf;26"},{"label":"Oberwart","y":145,"CSV":"Oberwart;145"},{"label":"Perg","y":330,"CSV":"Perg;330"},{"label":"Reutte","y":58,"CSV":"Reutte;58"},{"label":"Ried im Innkreis","y":77,"CSV":"Ried im Innkreis;77"},{"label":"Rohrbach","y":162,"CSV":"Rohrbach;162"},{"label":"Salzburg(Stadt)","y":175,"CSV":"Salzburg(Stadt);175"},{"label":"Salzburg-Umgebung","y":231,"CSV":"Salzburg-Umgebung;231"},{"label":"Sankt Johann im Pongau","y":449,"CSV":"Sankt Johann im Pongau;449"},{"label":"Sankt Pölten(Land)","y":282,"CSV":"Sankt Pölten(Land);282"},{"label":"Sankt Pölten(Stadt)","y":108,"CSV":"Sankt Pölten(Stadt);108"},{"label":"Sankt Veit an der Glan","y":53,"CSV":"Sankt Veit an der Glan;53"},{"label":"Schärding","y":66,"CSV":"Schärding;66"},{"label":"Scheibbs","y":104,"CSV":"Scheibbs;104"},{"label":"Schwaz","y":357,"CSV":"Schwaz;357"},{"label":"Spittal an der Drau","y":45,"CSV":"Spittal an der Drau;45"},{"label":"Steyr(Stadt)","y":74,"CSV":"Steyr(Stadt);74"},{"label":"Steyr-Land","y":195,"CSV":"Steyr-Land;195"},{"label":"Südoststeiermark","y":68,"CSV":"Südoststeiermark;68"},{"label":"Tamsweg","y":24,"CSV":"Tamsweg;24"},{"label":"Tulln","y":189,"CSV":"Tulln;189"},{"label":"Urfahr-Umgebung","y":320,"CSV":"Urfahr-Umgebung;320"},{"label":"Villach Land","y":50,"CSV":"Villach Land;50"},{"label":"Villach Stadt","y":23,"CSV":"Villach Stadt;23"},{"label":"Vöcklabruck","y":147,"CSV":"Vöcklabruck;147"},{"label":"Voitsberg","y":106,"CSV":"Voitsberg;106"},{"label":"Völkermarkt","y":55,"CSV":"Völkermarkt;55"},{"label":"Waidhofen an der Thaya","y":74,"CSV":"Waidhofen an der Thaya;74"},{"label":"Waidhofen an der Ybbs(Stadt)","y":26,"CSV":"Waidhofen an der Ybbs(Stadt);26"},{"label":"Weiz","y":203,"CSV":"Weiz;203"},{"label":"Wels(Stadt)","y":130,"CSV":"Wels(Stadt);130"},{"label":"Wels-Land","y":122,"CSV":"Wels-Land;122"},{"label":"Wien(Stadt)","y":4505,"CSV":"Wien(Stadt);4505"},{"label":"Wiener Neustadt(Land)","y":103,"CSV":"Wiener Neustadt(Land);103"},{"label":"Wiener Neustadt(Stadt)","y":85,"CSV":"Wiener Neustadt(Stadt);85"},{"label":"Wolfsberg","y":50,"CSV":"Wolfsberg;50"},{"label":"Zell am See","y":370,"CSV":"Zell am See;370"},{"label":"Zwettl","y":73,"CSV":"Zwettl;73"}];
var BezirkeVersion = "20.07.2020 05:00:00 V 1.2.3.0"
